user_id,content_id,watch_time,device
7,2,2025-03-02 14:39:12,Mobile
170,12,2024-07-08 23:13:05,TV
51,85,2024-09-24 00:54:52,Tablet
162,19,2024-08-30 06:33:11,Tablet
138,97,2025-02-17 09:42:03,Web
163,45,2025-01-15 23:29:59,Tablet
144,8,2024-07-18 19:40:56,Mobile
86,92,2025-04-26 02:39:08,TV
192,24,2025-03-28 21:53:44,Tablet
85,62,2024-09-20 21:19:31,Mobile
120,96,2025-01-19 08:13:12,Tablet
79,46,2025-01-19 13:18:09,Web
77,95,2025-06-08 02:54:48,Mobile
100,24,2024-12-07 02:16:32,TV
29,76,2024-09-19 13:47:14,Tablet
178,95,2025-01-11 10:58:32,TV
85,64,2025-04-07 04:16:24,Mobile
189,49,2025-04-24 01:51:19,TV
165,57,2025-01-08 13:10:43,Web
174,75,2025-01-05 09:33:23,TV
124,12,2024-10-25 04:25:33,Tablet
159,46,2025-03-29 15:08:41,Web
144,57,2024-08-17 23:24:24,TV
118,74,2025-02-09 20:22:16,Web
133,62,2024-07-25 23:56:28,TV
116,22,2024-10-29 08:23:32,Web
14,6,2025-06-02 18:24:14,Tablet
13,85,2025-05-19 04:02:11,Mobile
103,20,2025-04-25 13:41:17,Tablet
32,33,2024-10-19 16:30:39,Tablet
111,34,2025-06-08 20:54:37,TV
147,4,2025-06-02 22:30:28,Mobile
97,70,2024-10-09 15:01:34,Tablet
96,83,2025-06-18 02:14:04,TV
76,22,2024-07-01 09:40:11,TV
154,1,2024-10-01 21:45:19,TV
141,93,2024-07-31 05:11:05,Mobile
83,11,2024-08-08 21:21:47,Tablet
121,92,2024-10-11 04:28:55,TV
79,42,2024-08-30 07:20:45,Web
74,69,2025-02-12 20:23:43,Mobile
78,75,2025-03-02 14:19:13,Mobile
89,21,2025-05-14 14:49:56,TV
76,63,2025-04-11 00:13:46,TV
56,89,2024-08-16 19:18:20,Mobile
145,47,2025-04-11 10:34:01,Tablet
48,70,2025-03-12 00:45:38,TV
164,85,2025-02-04 08:51:15,Web
41,66,2025-01-06 14:23:01,Web
6,1,2024-10-17 05:44:57,Tablet
82,27,2025-05-19 07:09:23,TV
137,32,2025-05-10 05:41:28,TV
138,95,2025-05-19 04:17:22,TV
108,79,2025-02-07 10:14:02,TV
191,27,2025-04-06 12:43:05,Web
14,98,2025-01-17 10:08:55,Web
3,54,2024-12-08 09:21:56,Tablet
81,53,2025-03-09 02:54:06,Mobile
134,95,2025-01-11 13:29:06,TV
14,46,2025-03-05 03:02:11,Tablet
2,69,2024-12-29 08:06:06,Mobile
39,63,2024-11-30 22:30:47,Mobile
11,97,2025-02-01 15:40:37,TV
174,62,2025-01-15 19:59:49,Mobile
22,46,2024-11-26 00:07:13,Mobile
24,57,2024-11-22 18:17:17,Tablet
126,80,2025-02-11 03:53:03,Tablet
19,58,2024-10-18 04:25:39,Tablet
13,32,2025-01-06 04:25:11,Mobile
110,95,2025-06-13 05:43:10,TV
170,68,2024-12-16 12:45:12,Web
25,23,2024-09-24 13:59:02,Web
61,37,2024-10-31 05:14:27,TV
53,59,2024-11-26 20:20:50,Mobile
145,14,2025-05-23 07:17:43,Mobile
79,16,2025-05-01 05:41:41,Tablet
113,72,2024-07-17 09:32:43,Tablet
168,57,2024-07-17 13:01:42,Web
88,88,2025-03-28 09:50:04,Mobile
110,11,2024-10-25 05:50:43,Web
61,11,2024-07-25 13:04:29,Tablet
154,71,2024-09-21 19:36:48,TV
178,23,2024-11-07 19:49:40,Mobile
188,93,2025-01-06 12:49:34,Tablet
196,37,2024-11-29 16:06:48,TV
193,20,2025-03-09 16:04:03,Mobile
151,33,2025-04-24 01:06:27,Web
189,100,2024-11-25 23:41:51,TV
168,89,2024-08-29 12:53:40,Web
37,30,2024-08-29 06:55:44,Tablet
14,94,2024-11-17 03:09:56,TV
115,52,2024-10-20 17:26:26,Tablet
22,91,2025-05-22 08:29:10,Mobile
188,30,2025-05-27 22:08:33,Mobile
198,86,2024-12-26 00:41:27,Mobile
117,66,2024-09-11 20:54:07,Tablet
70,70,2025-06-05 04:19:01,Tablet
80,84,2025-06-23 00:48:40,TV
199,64,2024-12-17 23:04:48,TV
38,54,2025-05-24 12:32:38,Mobile
143,33,2024-09-01 14:24:40,Web
153,76,2025-01-26 21:12:16,TV
16,24,2024-12-31 18:56:08,Mobile
54,65,2024-07-13 20:39:35,Mobile
109,44,2024-07-30 12:24:47,TV
168,47,2025-04-20 02:10:09,Web
172,98,2025-04-18 03:50:31,TV
115,10,2024-10-20 21:54:27,Web
131,43,2024-12-28 23:03:44,Mobile
109,40,2024-10-09 07:10:43,Mobile
27,66,2024-12-29 09:26:13,Web
128,37,2025-06-08 13:56:51,Mobile
114,46,2025-02-01 02:48:24,Mobile
178,75,2024-09-13 13:59:46,Mobile
142,34,2024-08-26 00:46:10,Tablet
132,80,2025-03-28 13:21:04,Mobile
91,81,2025-02-28 21:34:06,Tablet
35,67,2024-08-25 04:42:32,Mobile
64,26,2024-07-19 06:33:14,Web
199,23,2025-02-25 22:25:37,Web
76,98,2025-06-25 00:21:00,TV
117,42,2025-04-01 00:45:14,Mobile
197,39,2025-04-03 08:06:22,TV
84,92,2025-02-13 07:57:39,Mobile
128,98,2025-02-25 09:01:35,Tablet
121,47,2024-08-24 06:41:30,Mobile
32,19,2025-01-28 21:09:32,Web
74,58,2024-11-08 19:03:22,Tablet
113,8,2024-06-28 16:47:54,Web
141,84,2025-04-28 02:08:33,Tablet
152,16,2024-07-12 09:36:59,TV
192,27,2025-02-16 16:50:58,Web
184,83,2024-10-21 01:55:48,TV
158,57,2025-05-16 20:24:51,Tablet
18,34,2024-08-16 12:15:47,TV
152,37,2024-07-15 02:11:34,Mobile
59,21,2024-12-12 15:55:37,Tablet
62,32,2025-01-25 23:35:22,Web
72,24,2024-12-18 02:43:30,TV
130,79,2024-08-19 02:18:38,TV
184,17,2024-09-04 00:38:00,Mobile
13,61,2025-01-08 13:08:18,TV
113,11,2025-01-21 05:07:48,Mobile
156,81,2024-10-24 05:41:13,TV
30,16,2025-03-10 13:33:03,Web
88,30,2025-02-04 13:46:52,Mobile
9,78,2024-11-20 15:28:36,Web
102,49,2024-10-14 22:27:46,Mobile
179,12,2025-05-23 09:48:57,Tablet
116,23,2025-01-31 13:35:41,TV
65,8,2025-03-07 19:58:47,Web
149,36,2024-10-26 10:47:01,Tablet
183,6,2025-02-22 02:21:31,TV
183,90,2024-10-08 16:16:51,Tablet
25,9,2024-10-20 17:47:20,Tablet
137,79,2024-09-26 08:55:44,Mobile
40,20,2024-11-16 21:45:26,Tablet
81,3,2024-07-21 17:32:15,Web
7,91,2024-09-13 12:58:55,TV
163,83,2025-02-07 10:15:47,Tablet
188,18,2024-08-10 10:36:39,Web
113,30,2024-09-23 12:03:02,TV
13,44,2025-06-24 03:43:41,Web
66,98,2025-03-22 17:35:41,TV
1,47,2025-01-28 22:28:24,TV
106,26,2024-12-31 01:01:31,Mobile
183,15,2025-04-23 10:08:34,Tablet
90,84,2024-09-15 00:06:42,Web
156,63,2024-08-28 00:25:44,TV
156,56,2025-02-17 03:26:13,Tablet
197,25,2025-04-01 09:42:10,Web
169,15,2025-02-28 11:51:03,Web
1,66,2024-11-22 22:45:19,Tablet
144,77,2024-07-30 17:48:45,Web
78,96,2024-11-14 07:17:11,TV
88,27,2024-12-28 03:21:30,Mobile
70,44,2025-03-22 17:51:11,TV
67,39,2024-12-21 11:25:39,Mobile
179,76,2024-08-14 10:09:44,Tablet
188,24,2024-09-20 14:15:11,Mobile
176,9,2024-10-08 17:27:06,Web
129,96,2025-03-22 05:56:24,Tablet
197,60,2024-08-25 01:52:02,TV
101,91,2025-01-01 16:50:37,Tablet
179,54,2024-07-02 12:24:28,Tablet
44,76,2025-05-20 01:57:02,TV
184,24,2024-08-12 03:45:41,Web
179,99,2024-11-30 01:04:07,TV
84,37,2025-06-07 09:24:00,Mobile
180,39,2025-04-08 13:48:45,TV
161,77,2025-06-06 16:45:38,Tablet
148,66,2025-01-03 15:17:43,Web
125,63,2024-10-22 18:15:08,Tablet
93,76,2024-07-21 10:14:46,Tablet
109,9,2024-07-05 18:28:35,Tablet
54,37,2025-02-19 15:57:29,Mobile
145,99,2025-05-23 13:03:20,Mobile
36,61,2024-07-14 22:11:28,Web
9,67,2024-08-14 23:37:49,Mobile
93,57,2025-01-20 16:15:14,Tablet
64,58,2024-07-26 22:34:33,TV
126,65,2024-10-17 00:16:19,Web
22,79,2024-12-08 19:38:30,TV
77,39,2025-05-08 12:02:47,Tablet
90,84,2025-05-25 02:53:38,Mobile
28,31,2025-01-27 09:11:07,TV
140,48,2024-09-22 11:54:16,Web
138,64,2024-09-06 09:41:32,Web
72,92,2024-12-10 03:16:03,Tablet
31,94,2024-11-06 04:26:23,Web
171,100,2025-01-06 06:03:00,Mobile
24,84,2025-04-26 14:54:10,Tablet
155,2,2024-08-01 12:20:22,TV
3,64,2025-02-03 09:17:27,Mobile
96,83,2025-03-06 13:35:39,Mobile
44,64,2024-11-14 06:24:06,Mobile
7,35,2024-11-20 05:26:34,Tablet
84,28,2025-05-01 00:13:55,TV
66,55,2024-11-14 22:27:55,TV
28,36,2025-02-25 03:19:55,TV
186,99,2025-05-29 13:38:05,TV
121,71,2024-07-07 04:03:39,Mobile
136,33,2025-06-09 11:50:23,Mobile
189,25,2025-05-21 00:41:44,Mobile
96,21,2024-07-24 13:53:58,Web
71,63,2025-06-24 06:24:27,Web
182,49,2025-03-26 05:23:00,Web
147,4,2025-06-23 07:07:31,Mobile
56,76,2024-12-13 11:49:35,Mobile
77,100,2024-07-27 12:02:44,Tablet
127,83,2025-01-23 14:07:28,Web
171,6,2025-03-02 21:28:29,Tablet
20,44,2024-11-20 09:19:13,Web
194,77,2024-11-01 08:48:31,TV
18,85,2025-01-27 00:28:42,Tablet
61,80,2025-06-07 20:24:08,TV
38,68,2024-11-23 05:09:16,TV
92,75,2025-03-22 12:36:21,Web
151,58,2025-01-23 14:24:46,Mobile
170,4,2025-01-30 02:57:16,Mobile
99,85,2025-02-05 21:18:47,TV
107,23,2025-05-30 09:13:28,TV
106,45,2024-10-23 05:26:10,TV
90,23,2025-05-09 19:58:49,TV
170,72,2024-09-19 05:26:38,Tablet
54,54,2025-05-03 00:17:39,Web
87,34,2024-10-05 11:19:03,TV
2,11,2025-03-26 21:56:12,TV
58,98,2024-07-01 13:57:03,Tablet
5,86,2024-08-21 14:59:47,Web
68,94,2025-01-19 09:16:25,TV
53,18,2025-01-20 20:14:25,Web
85,27,2024-08-14 16:26:47,Mobile
16,6,2024-11-03 17:14:08,Tablet
53,72,2024-08-18 11:04:31,TV
34,47,2024-08-31 21:27:21,Tablet
143,39,2024-07-31 03:27:47,Mobile
69,72,2025-04-14 04:16:56,Web
131,57,2024-11-25 19:41:12,Web
121,60,2024-11-19 00:35:28,Web
179,64,2024-10-28 08:14:04,Mobile
114,56,2024-09-14 14:23:11,Mobile
149,36,2025-03-05 15:25:50,Tablet
139,42,2025-04-01 23:51:10,Tablet
43,55,2024-08-21 11:13:07,Mobile
135,49,2024-08-15 03:15:44,TV
187,18,2025-04-30 13:29:00,Tablet
185,6,2025-03-12 06:56:15,TV
97,68,2024-11-03 14:21:30,Mobile
53,17,2024-08-10 20:42:31,Mobile
101,100,2025-03-07 19:52:10,Mobile
107,27,2025-05-04 17:51:37,Web
32,4,2025-01-30 10:52:34,Web
164,96,2025-01-18 18:06:47,TV
109,52,2024-08-15 04:38:09,Web
192,42,2024-10-17 08:58:36,TV
51,95,2025-04-22 21:28:39,TV
96,17,2025-06-25 09:55:28,Tablet
77,25,2025-02-25 03:46:20,Web
158,28,2024-08-19 00:59:53,Mobile
182,63,2024-12-04 03:07:05,Web
101,32,2025-04-09 15:35:28,Mobile
98,67,2025-02-17 08:00:48,Web
55,90,2025-03-27 12:31:48,Web
73,41,2025-06-21 20:21:27,Tablet
149,36,2024-11-05 11:00:48,Web
162,34,2024-07-22 20:42:57,Tablet
57,89,2025-02-27 15:29:51,TV
190,12,2024-08-07 14:10:51,Mobile
57,33,2025-01-11 05:05:55,Mobile
24,65,2025-01-24 20:29:02,Mobile
138,82,2025-03-16 06:08:51,TV
60,29,2025-05-17 08:29:59,TV
34,12,2024-08-20 00:02:59,Web
174,49,2024-10-31 22:55:09,Mobile
177,5,2024-12-16 18:25:48,Web
117,90,2025-06-16 01:30:42,Web
197,59,2025-02-13 11:56:12,TV
109,66,2024-12-05 14:58:37,Tablet
94,86,2025-05-25 08:43:27,TV
132,56,2024-10-21 07:35:09,Mobile
143,28,2025-03-29 11:59:41,Tablet
71,37,2024-08-16 16:36:00,Tablet
96,99,2025-05-28 11:13:24,Tablet
171,63,2024-09-27 06:43:01,TV
171,43,2025-04-21 10:08:11,TV
114,38,2024-08-02 00:02:48,Mobile
28,21,2025-04-13 11:06:58,Mobile
42,42,2025-01-16 03:15:04,Tablet
57,35,2025-02-24 08:40:38,TV
191,59,2024-08-20 03:26:42,TV
134,58,2025-03-31 18:29:05,TV
177,50,2024-06-27 21:03:21,TV
143,19,2024-12-12 19:31:13,Mobile
93,45,2024-07-30 23:11:34,Mobile
187,58,2025-03-02 02:47:03,Web
126,93,2024-11-27 07:14:38,Web
14,19,2025-03-11 02:03:45,TV
143,64,2024-12-01 06:09:18,Mobile
154,13,2024-12-25 23:50:30,Tablet
179,73,2025-06-12 05:05:52,TV
62,25,2025-02-21 07:10:12,Tablet
142,73,2025-05-05 12:58:51,Tablet
47,96,2024-08-06 09:30:52,Web
174,60,2025-04-11 00:34:15,Web
56,27,2024-09-15 14:07:37,Web
158,70,2025-02-19 10:28:02,TV
73,94,2025-01-31 09:46:22,Tablet
47,51,2025-06-23 09:38:49,Mobile
19,24,2024-07-10 23:11:26,Tablet
191,76,2024-07-04 19:03:31,TV
65,86,2024-07-26 14:50:28,Web
34,62,2024-09-27 04:28:28,Mobile
133,11,2024-11-23 02:51:53,Web
39,14,2025-02-26 11:40:01,TV
130,85,2025-02-12 23:33:25,Tablet
119,62,2024-08-24 00:55:23,Mobile
146,23,2024-11-18 14:38:30,Mobile
14,18,2025-03-22 12:10:15,Mobile
36,2,2025-02-26 00:26:38,TV
142,59,2025-03-04 04:16:17,TV
98,30,2024-06-29 01:14:41,TV
116,88,2024-07-01 09:32:51,Web
192,87,2025-02-19 17:24:26,Web
52,6,2025-03-20 22:38:36,Mobile
63,21,2024-12-05 01:27:14,TV
63,56,2024-10-29 21:54:55,Tablet
138,29,2025-06-01 14:34:38,TV
83,47,2025-01-28 23:33:31,TV
114,77,2025-05-14 16:45:54,Tablet
39,91,2025-05-31 19:32:56,Mobile
12,6,2024-12-20 15:54:26,TV
159,43,2025-02-04 01:01:38,Tablet
98,96,2025-03-11 07:29:24,Mobile
66,66,2025-01-17 05:45:33,Mobile
35,70,2025-06-01 09:25:09,Web
93,77,2024-11-26 01:48:56,Mobile
17,58,2024-11-09 19:01:29,Tablet
96,63,2025-04-30 12:21:03,Tablet
74,4,2025-02-10 04:52:00,Tablet
137,30,2024-12-06 13:45:42,Web
29,54,2025-03-03 03:36:55,Web
3,78,2024-10-27 16:39:44,Tablet
191,90,2024-10-05 15:14:23,Web
135,50,2024-12-22 06:34:35,Web
52,61,2025-02-03 18:26:45,Mobile
190,78,2025-05-05 07:17:32,Tablet
87,5,2024-12-17 22:26:31,Web
150,48,2024-12-12 21:31:56,Tablet
60,39,2024-07-31 16:16:08,Tablet
3,74,2024-09-26 23:36:40,Web
19,89,2025-05-16 03:47:32,TV
71,39,2024-12-17 21:41:21,TV
94,87,2025-06-06 13:54:44,Mobile
188,97,2024-10-10 21:32:15,Tablet
21,76,2025-04-01 04:53:17,Mobile
127,78,2024-07-13 18:17:19,Web
29,83,2024-08-16 11:53:51,Web
15,23,2024-11-01 05:29:15,Tablet
144,91,2024-07-11 14:11:21,TV
157,4,2025-06-03 16:37:52,Tablet
3,87,2025-05-05 07:16:02,Tablet
22,11,2025-01-02 16:06:36,TV
16,55,2025-03-13 01:27:01,Web
140,84,2024-10-21 07:32:44,TV
55,25,2024-12-30 08:57:56,Mobile
105,44,2024-11-04 13:09:44,Web
184,76,2024-12-30 12:20:27,Web
135,78,2025-01-25 02:08:43,Mobile
10,35,2025-04-16 16:17:38,TV
126,38,2025-02-20 22:44:43,Web
198,48,2024-12-17 16:48:12,Mobile
133,51,2025-06-10 22:36:11,Mobile
14,17,2024-10-31 01:59:57,TV
98,3,2024-07-22 23:23:53,Web
109,53,2025-05-01 04:27:41,Mobile
21,52,2024-08-04 10:31:27,Web
71,77,2024-10-22 10:05:11,Mobile
94,85,2024-12-09 09:17:50,Web
156,13,2024-07-16 17:27:26,Mobile
165,47,2024-06-30 21:30:24,Tablet
194,22,2024-07-20 23:43:31,Tablet
106,22,2024-08-23 17:49:22,Web
197,1,2025-03-11 17:03:46,Mobile
41,22,2024-09-22 23:26:07,Mobile
15,90,2025-01-31 15:45:35,Web
51,47,2024-12-06 22:20:31,Web
173,7,2025-01-11 17:09:31,Mobile
152,30,2024-09-18 03:34:31,Mobile
141,20,2025-01-26 10:54:33,Mobile
147,90,2025-06-18 21:09:14,Web
162,5,2025-01-22 00:11:45,Tablet
63,35,2025-02-16 06:41:49,Web
191,47,2025-06-09 14:48:43,Mobile
66,98,2024-10-13 01:03:35,Mobile
128,22,2025-06-25 13:53:59,Web
24,80,2025-03-12 13:39:18,Tablet
8,34,2025-05-12 21:57:20,Tablet
160,51,2025-02-11 07:33:43,Tablet
101,97,2024-11-05 02:15:04,Tablet
172,70,2025-05-17 23:53:28,TV
141,96,2024-12-06 19:03:33,Web
137,39,2025-05-13 01:47:21,TV
172,20,2024-08-27 00:55:55,Web
182,38,2025-05-04 09:56:02,Tablet
149,30,2024-10-26 22:59:14,Mobile
22,98,2025-06-25 10:01:24,TV
51,5,2025-01-31 06:33:57,TV
58,90,2025-02-09 11:10:19,Tablet
193,74,2025-05-06 20:15:16,TV
116,77,2025-03-01 21:27:49,Tablet
153,18,2025-02-04 14:26:12,Tablet
89,11,2025-04-01 11:12:08,Web
59,10,2025-06-10 02:06:34,Tablet
181,93,2024-08-27 23:02:15,Tablet
115,75,2024-09-23 20:56:19,Web
114,84,2025-02-07 18:23:18,Mobile
78,5,2025-06-13 20:44:06,Tablet
117,6,2024-06-29 10:07:05,TV
58,66,2025-05-24 17:06:37,Web
172,30,2024-08-04 06:31:15,Web
5,18,2025-05-27 07:38:06,Tablet
92,1,2025-02-10 08:20:54,Web
7,100,2025-05-04 00:49:31,Tablet
18,66,2025-02-17 08:59:32,Mobile
138,71,2025-05-01 03:34:59,Web
151,37,2025-04-24 08:47:14,TV
45,16,2024-07-04 00:08:58,Web
62,31,2024-11-07 12:41:40,Web
23,51,2024-11-07 17:28:30,Web
99,57,2024-12-19 01:39:24,Web
193,59,2025-02-11 08:19:41,Tablet
63,83,2025-05-14 00:21:01,TV
157,49,2025-03-23 03:20:32,TV
179,20,2025-01-10 14:14:53,Tablet
191,48,2025-02-27 03:54:38,Mobile
29,6,2025-05-15 11:53:12,TV
189,17,2025-01-12 17:58:06,Web
106,90,2024-08-04 15:54:05,Tablet
77,54,2024-08-17 08:20:49,Mobile
123,81,2025-04-27 23:35:29,Mobile
195,56,2024-07-03 14:16:38,Mobile
133,41,2024-09-25 18:55:16,TV
111,32,2024-08-27 17:27:02,Tablet
68,84,2025-01-01 00:39:44,TV
108,61,2024-07-03 10:38:08,Mobile
117,2,2024-09-02 11:14:58,TV
92,45,2025-05-30 22:01:30,Mobile
129,97,2024-07-27 10:56:34,TV
78,71,2024-10-16 09:56:42,TV
115,38,2025-05-05 00:45:29,Mobile
101,51,2025-03-14 11:38:31,Tablet
142,18,2024-07-07 06:27:39,Web
198,49,2025-04-22 03:35:08,TV
69,18,2024-10-21 14:53:51,Web
164,18,2024-07-27 14:24:12,Tablet
199,45,2025-02-07 23:18:58,Mobile
10,49,2025-06-04 13:04:24,Web
35,22,2025-02-17 11:39:20,TV
15,30,2025-04-14 16:36:37,TV
38,28,2024-11-17 05:02:37,Mobile
135,9,2024-11-04 00:42:05,TV
95,92,2025-01-01 00:34:58,TV
84,61,2025-06-13 06:24:12,TV
37,41,2024-11-10 15:15:30,Mobile
148,38,2024-12-15 06:37:16,TV
66,35,2025-05-21 01:29:54,TV
32,50,2024-11-06 19:39:39,Tablet
115,12,2024-08-15 14:24:56,Mobile
48,54,2024-12-13 16:46:54,Web
12,24,2025-01-21 14:03:16,Mobile
188,25,2025-03-08 16:42:17,TV
96,65,2024-11-22 05:12:11,TV
117,57,2024-07-06 05:35:20,TV
94,25,2024-09-02 01:02:49,TV
190,98,2024-07-13 17:49:19,TV
78,47,2024-12-27 09:58:20,Tablet
157,55,2024-10-18 14:48:42,Tablet
167,30,2025-04-29 05:19:02,Mobile
47,43,2024-11-13 03:01:49,Mobile
200,91,2024-12-22 15:34:31,Mobile
145,44,2025-06-15 07:57:48,Web
182,83,2024-09-21 15:53:50,TV
167,58,2025-01-23 02:54:53,Tablet
81,84,2024-10-05 23:49:53,TV
136,29,2025-01-27 17:38:10,Mobile
3,31,2025-01-29 03:28:37,Tablet
130,17,2024-11-11 13:54:08,Web
102,7,2025-05-17 09:21:21,Web
75,5,2024-08-02 02:56:09,Tablet
135,61,2024-12-21 20:58:50,TV
89,31,2024-12-15 09:26:21,Tablet
27,73,2025-03-11 03:48:55,Mobile
139,76,2024-07-02 21:33:57,TV
93,38,2025-02-28 09:45:04,Web
40,83,2025-03-11 13:20:34,Tablet
110,32,2024-10-28 10:01:38,TV
78,21,2024-08-02 12:25:17,TV
168,56,2024-07-05 01:21:42,Tablet
26,87,2024-11-21 13:14:58,TV
58,20,2025-04-08 04:31:02,Web
3,90,2025-03-20 20:15:33,Tablet
52,83,2025-01-27 17:24:36,TV
177,34,2024-11-05 17:18:15,Tablet
48,43,2025-03-03 17:14:38,Web
107,39,2024-11-09 11:47:04,TV
9,24,2025-01-30 10:48:06,TV
6,65,2024-10-29 11:53:38,TV
77,33,2025-01-29 10:14:55,Tablet
97,75,2024-10-02 01:04:11,Mobile
107,61,2025-03-03 04:41:29,Tablet
190,78,2024-10-06 20:26:02,Web
149,60,2024-08-04 04:30:02,Web
133,47,2025-02-10 06:54:22,Mobile
115,53,2025-06-06 06:46:08,Tablet
90,93,2024-09-03 14:02:59,TV
3,6,2025-06-05 03:30:47,TV
79,99,2025-01-04 13:21:39,Web
70,33,2025-05-06 01:40:32,Web
36,59,2025-06-20 17:15:17,TV
168,29,2024-11-10 22:39:55,TV
36,100,2024-12-08 01:45:27,TV
126,100,2025-06-16 14:54:56,Web
193,73,2024-07-21 02:12:38,Mobile
80,36,2025-01-29 08:13:14,TV
1,19,2024-10-03 05:17:07,Tablet
181,42,2025-01-11 01:16:26,TV
154,66,2024-12-05 03:49:34,Mobile
57,38,2025-02-11 03:51:36,Mobile
36,64,2024-10-27 23:50:33,Tablet
69,60,2024-10-11 06:04:34,Mobile
161,22,2024-11-20 10:08:05,Web
181,90,2025-04-23 16:16:05,Mobile
194,22,2024-08-29 03:43:38,TV
95,18,2025-02-02 19:56:03,Web
45,72,2024-09-15 21:08:07,TV
20,30,2024-09-02 14:38:44,TV
34,90,2025-03-26 12:36:47,Web
174,8,2024-07-20 00:01:14,TV
191,73,2025-05-27 01:10:23,TV
68,71,2025-01-19 13:35:02,TV
196,79,2025-04-06 17:57:43,Web
191,38,2024-09-16 21:58:59,Mobile
78,1,2024-08-06 01:58:02,Web
188,40,2024-09-06 01:26:45,Tablet
136,75,2024-10-06 19:58:21,Mobile
71,4,2024-09-29 20:56:22,Mobile
50,45,2025-04-19 11:39:10,Mobile
89,4,2024-10-28 06:37:19,Mobile
105,60,2025-06-17 01:58:03,Mobile
20,42,2024-11-19 03:46:33,Tablet
36,5,2025-01-24 22:37:16,Mobile
32,99,2024-09-06 18:42:50,Mobile
36,47,2024-07-09 17:18:46,Tablet
1,24,2025-02-08 17:06:14,TV
174,21,2025-02-28 07:42:28,Tablet
165,38,2024-11-27 16:20:46,Web
106,70,2025-04-14 22:37:58,TV
188,93,2025-04-25 06:41:59,Web
164,7,2024-07-19 11:51:37,Tablet
170,95,2025-06-19 17:53:30,Mobile
153,96,2024-08-02 12:21:36,Tablet
142,3,2024-07-18 03:24:49,Web
196,42,2025-01-10 14:07:23,TV
171,47,2024-12-16 22:44:39,Tablet
129,87,2025-03-20 03:54:11,Tablet
199,80,2024-08-22 17:16:03,Mobile
55,20,2024-11-23 23:51:45,Tablet
154,28,2024-11-14 04:18:33,Mobile
127,84,2025-06-23 03:38:27,Web
41,36,2024-08-14 03:43:06,Web
195,15,2025-03-19 09:59:51,Tablet
158,15,2024-07-08 16:55:18,Web
30,38,2024-11-16 20:35:28,Tablet
47,90,2025-04-14 05:32:07,Tablet
42,46,2024-07-07 12:54:59,Web
121,7,2024-10-26 18:31:02,Tablet
99,100,2024-11-13 11:13:11,Mobile
83,49,2025-05-13 13:35:31,Tablet
30,84,2025-02-24 22:35:00,TV
89,72,2024-12-15 16:56:04,Mobile
141,83,2025-06-11 10:42:40,Mobile
101,95,2025-04-07 00:03:48,Mobile
131,45,2024-09-13 12:31:58,TV
144,27,2024-10-20 10:02:28,Tablet
125,65,2024-10-12 19:21:43,Tablet
79,67,2024-08-11 14:14:25,Web
1,28,2024-08-28 13:55:46,Tablet
108,97,2024-12-26 05:34:07,Mobile
127,79,2024-08-23 16:47:57,Tablet
19,62,2025-06-19 20:39:32,Mobile
109,33,2025-01-22 11:51:37,Web
153,28,2025-01-23 15:04:40,Web
27,40,2025-01-03 07:29:20,Tablet
198,55,2025-05-10 23:06:44,TV
38,94,2025-04-08 18:39:35,Tablet
5,88,2024-11-16 23:27:11,Tablet
8,85,2024-07-08 22:16:15,Web
28,48,2024-12-24 13:12:29,TV
154,39,2025-04-28 12:20:55,Web
119,13,2024-09-01 08:14:42,TV
85,45,2025-05-03 12:48:36,Tablet
26,33,2025-05-20 13:47:31,TV
39,56,2024-12-02 05:39:55,TV
11,54,2024-12-10 05:19:17,TV
170,31,2025-02-23 00:04:17,Tablet
35,20,2024-11-11 12:32:00,Web
193,80,2025-02-23 07:09:12,TV
117,73,2025-03-22 01:11:18,TV
59,64,2024-09-02 11:10:02,TV
64,88,2024-12-25 21:57:44,TV
166,62,2024-09-01 18:10:41,TV
38,40,2025-02-07 17:31:55,Web
32,83,2024-08-19 15:49:50,Web
14,22,2025-01-31 14:23:11,Tablet
186,63,2024-12-10 07:09:52,Tablet
144,33,2025-03-26 18:59:25,Tablet
146,32,2025-02-04 16:00:30,Tablet
35,63,2024-12-23 00:12:21,TV
72,78,2025-04-17 20:17:13,Tablet
154,75,2025-03-27 02:19:32,Web
9,19,2024-09-04 02:37:23,Web
154,63,2024-09-17 14:23:02,TV
176,61,2024-08-12 06:31:09,Web
116,55,2025-06-20 05:29:28,TV
189,33,2024-08-19 08:38:15,Web
163,34,2025-01-20 02:15:31,Web
142,23,2025-05-29 12:34:49,TV
48,33,2025-04-28 17:00:32,Web
36,59,2024-11-03 16:44:35,Mobile
86,87,2025-05-04 07:43:43,TV
140,52,2025-05-17 02:46:53,Mobile
143,43,2025-05-14 10:29:46,Mobile
23,47,2024-10-28 22:57:55,Mobile
113,96,2025-02-04 02:30:05,TV
96,86,2025-04-18 07:20:56,Mobile
160,68,2024-10-25 07:48:02,TV
109,39,2025-05-08 05:05:46,Tablet
162,7,2025-02-28 20:11:11,Web
121,56,2024-10-05 20:35:01,Mobile
157,66,2024-07-05 09:59:16,Mobile
183,8,2024-07-02 17:53:56,Web
181,60,2024-10-03 04:18:24,Tablet
137,99,2024-11-17 11:40:23,TV
90,9,2024-08-31 09:32:13,TV
32,5,2025-03-06 19:47:07,Web
181,100,2024-09-20 11:05:46,Tablet
165,4,2024-12-23 15:45:29,Mobile
3,68,2024-12-19 01:38:49,Tablet
130,36,2025-05-16 23:12:41,Web
124,18,2024-08-26 18:44:15,Mobile
98,49,2025-05-08 20:26:04,TV
57,100,2025-06-20 16:24:12,Web
144,25,2025-06-01 12:18:49,TV
20,19,2024-10-28 07:15:26,Web
83,11,2024-10-01 16:49:11,Mobile
176,35,2024-12-20 07:24:09,Web
34,56,2024-07-29 17:01:16,TV
62,32,2024-10-14 01:59:35,TV
141,78,2024-10-14 18:41:57,Tablet
82,94,2024-10-18 14:18:58,Mobile
81,43,2025-01-07 14:37:56,Tablet
5,13,2024-12-16 05:41:48,TV
43,10,2025-05-10 19:13:46,Mobile
112,90,2025-06-04 06:27:57,Tablet
188,88,2025-01-29 09:58:07,Tablet
98,18,2025-02-23 04:59:31,Mobile
114,5,2024-09-09 23:57:01,Tablet
25,38,2025-01-03 10:20:46,Web
153,66,2024-12-07 06:38:47,Web
21,49,2025-02-09 11:28:56,Mobile
41,19,2025-02-28 12:17:44,TV
126,92,2025-05-03 02:25:54,Mobile
5,91,2025-03-19 20:50:19,Web
48,84,2024-10-10 08:49:54,Tablet
53,94,2025-01-13 08:32:01,TV
182,83,2025-05-16 13:15:25,Web
127,46,2024-07-24 16:25:54,TV
181,26,2024-08-22 05:46:40,TV
130,48,2024-12-17 04:45:35,Web
60,14,2025-03-07 06:50:53,Web
75,98,2024-12-29 15:07:54,Tablet
137,30,2024-10-01 04:48:24,Web
116,64,2024-09-25 04:12:10,Tablet
120,91,2024-12-17 20:10:56,TV
197,80,2024-07-17 16:41:06,Tablet
151,26,2025-06-03 14:40:46,Mobile
74,38,2025-05-10 17:36:31,Mobile
177,82,2024-09-22 16:52:29,TV
93,72,2024-10-15 18:26:24,Mobile
24,29,2025-04-07 15:52:25,Mobile
51,89,2024-10-23 13:11:22,Mobile
129,66,2025-02-21 04:17:58,Mobile
50,23,2024-08-10 11:31:48,TV
40,36,2025-04-09 09:31:18,Web
84,46,2024-12-31 07:13:06,Tablet
10,7,2024-07-09 18:04:09,Mobile
156,30,2025-03-17 05:34:43,Tablet
78,24,2024-07-10 05:22:12,Web
23,19,2025-03-04 07:43:53,TV
121,85,2024-08-23 17:43:37,Tablet
162,56,2024-11-22 03:04:40,Web
145,57,2024-10-31 03:54:17,TV
65,91,2025-03-23 07:33:21,Web
92,24,2025-04-18 00:13:54,Mobile
140,60,2024-10-27 21:11:35,TV
118,8,2024-08-01 03:18:39,Mobile
59,25,2025-02-22 13:44:50,Mobile
171,28,2024-10-17 01:44:17,Mobile
175,1,2025-05-11 22:22:20,Tablet
134,48,2024-06-27 12:23:42,Mobile
77,98,2025-03-13 21:04:40,Mobile
56,43,2024-09-13 22:15:31,Mobile
194,93,2024-07-10 13:46:44,Tablet
141,8,2025-01-01 07:02:15,Web
50,96,2024-09-04 13:45:23,Web
129,88,2025-02-11 02:54:34,Web
64,11,2024-10-26 08:17:12,Mobile
23,65,2025-04-27 09:09:43,Web
120,66,2024-12-28 14:42:09,Web
134,12,2025-03-03 22:20:17,Tablet
10,19,2025-04-29 00:18:57,Mobile
63,51,2024-09-16 12:56:50,Mobile
145,21,2025-04-06 00:56:21,TV
156,79,2025-01-22 00:51:38,Mobile
2,85,2024-12-11 20:08:38,Mobile
92,82,2024-09-28 00:00:39,TV
134,38,2025-03-16 15:25:16,TV
149,83,2024-11-22 15:40:04,Mobile
41,67,2025-01-17 19:49:34,Web
100,31,2025-05-17 00:41:29,Mobile
97,68,2024-11-15 21:54:14,Mobile
66,47,2024-07-06 10:28:06,Web
1,36,2025-06-13 00:37:56,Tablet
128,42,2025-03-10 11:17:36,Tablet
150,13,2025-05-23 01:09:54,Tablet
189,68,2025-05-01 18:44:45,Web
58,56,2025-05-23 15:54:31,Tablet
85,34,2024-10-20 04:37:12,Tablet
58,1,2025-01-23 21:28:44,TV
29,81,2024-09-05 14:59:14,Tablet
106,51,2024-11-24 10:53:33,Tablet
171,97,2025-05-18 17:32:42,TV
199,33,2025-05-06 12:07:27,TV
175,46,2025-03-11 18:29:36,Web
30,74,2024-08-01 14:30:46,TV
135,4,2025-04-21 04:21:08,Mobile
188,8,2025-01-07 06:38:54,Web
150,63,2025-02-03 15:24:51,Web
163,34,2025-06-16 22:38:15,Tablet
167,2,2024-12-08 22:22:57,Web
15,95,2025-04-26 06:49:49,TV
49,76,2025-06-12 11:47:49,TV
44,2,2024-07-08 18:56:54,Web
21,96,2025-06-07 00:27:20,Web
70,83,2024-10-07 08:50:40,TV
106,38,2024-12-26 22:30:01,Tablet
14,88,2025-01-11 23:12:41,TV
148,40,2025-03-01 19:43:09,TV
16,31,2025-06-18 10:42:34,TV
138,13,2024-12-21 19:33:17,TV
56,29,2025-05-18 13:47:44,Mobile
101,54,2024-11-16 08:56:56,Web
156,96,2024-09-26 07:35:08,TV
110,91,2025-03-03 00:59:52,TV
170,25,2024-10-31 20:25:28,Mobile
166,50,2024-10-04 10:36:08,Web
143,46,2024-12-02 13:21:36,Mobile
60,45,2024-09-25 01:18:12,Mobile
45,83,2024-07-08 10:08:48,Tablet
23,7,2025-04-13 19:50:09,Mobile
82,7,2025-05-01 13:55:20,Mobile
163,23,2025-03-20 03:16:43,Mobile
99,34,2025-01-27 10:29:56,Mobile
174,36,2025-01-13 22:02:02,Tablet
42,52,2024-10-18 15:27:33,Mobile
53,90,2024-09-01 10:19:32,TV
58,90,2024-12-09 20:35:24,Web
170,67,2025-05-17 17:21:24,Tablet
9,22,2025-01-01 12:10:31,Web
33,52,2025-03-06 03:48:15,Mobile
186,66,2025-02-20 12:34:58,Web
28,13,2024-08-23 02:20:19,TV
122,69,2025-04-04 17:15:25,TV
130,7,2024-12-06 13:01:20,Web
97,92,2025-02-15 06:36:14,Web
171,87,2024-08-01 18:05:25,Web
182,79,2025-06-24 06:06:47,Web
15,52,2025-06-24 23:53:34,Tablet
169,3,2025-04-22 19:45:20,Tablet
132,82,2024-08-22 21:47:01,Mobile
160,61,2025-05-25 17:15:24,Tablet
145,12,2024-11-12 15:03:01,TV
87,29,2025-05-15 07:04:55,Tablet
104,7,2024-07-18 03:30:42,Web
48,38,2024-09-10 15:12:29,Mobile
108,38,2024-11-01 13:04:34,Web
3,37,2025-01-24 00:43:12,Mobile
139,24,2024-12-12 17:51:38,TV
65,58,2024-09-02 01:02:54,Tablet
137,42,2025-05-23 05:05:05,TV
157,60,2024-10-15 06:12:30,Mobile
123,12,2024-10-04 13:24:16,TV
52,63,2025-02-03 00:53:20,Mobile
126,64,2024-12-27 16:18:34,Mobile
73,92,2025-02-04 01:16:03,TV
172,47,2025-02-01 15:21:44,Web
104,61,2025-06-03 16:48:03,TV
192,53,2024-11-26 03:51:08,Tablet
78,50,2025-02-10 16:01:20,Web
103,78,2024-08-06 18:23:22,Mobile
51,55,2025-03-03 18:48:43,Mobile
165,5,2025-04-03 22:15:46,Web
65,94,2024-12-23 22:22:57,Web
147,53,2024-08-29 02:42:56,Web
153,38,2024-08-14 07:58:33,TV
133,92,2025-06-02 21:00:39,Tablet
174,69,2024-08-16 16:27:14,Web
53,54,2024-10-06 12:35:51,Web
185,13,2024-09-20 06:26:28,Mobile
162,35,2025-03-10 12:32:57,Tablet
148,95,2024-11-06 09:30:19,TV
194,36,2025-02-03 23:21:03,Web
55,84,2025-01-28 06:05:51,Tablet
145,60,2025-06-14 13:38:11,TV
10,32,2024-07-27 04:37:43,TV
172,22,2025-02-18 06:52:03,Web
57,48,2024-12-29 22:43:50,Mobile
70,83,2025-02-18 22:38:38,Web
70,56,2025-03-20 21:04:36,Tablet
113,8,2025-01-25 05:35:29,Web
185,46,2025-02-20 04:33:59,Tablet
71,77,2024-07-03 22:52:40,TV
129,30,2024-08-23 08:45:31,Mobile
54,38,2024-08-12 04:24:47,Mobile
83,57,2024-09-19 18:10:13,Mobile
130,15,2025-05-06 05:44:40,Mobile
134,12,2025-04-19 00:41:37,Tablet
150,39,2025-05-02 16:59:48,Mobile
110,8,2024-12-09 22:05:46,Tablet
184,48,2025-05-01 10:42:00,Web
140,80,2024-08-21 02:29:38,Mobile
175,54,2024-09-24 09:21:34,TV
186,13,2024-11-14 03:34:15,Mobile
130,87,2024-07-18 13:32:20,TV
89,80,2024-10-29 21:02:44,TV
107,27,2024-07-28 04:36:36,TV
114,46,2025-02-26 16:55:41,Web
66,52,2025-06-11 09:47:20,TV
22,40,2025-02-13 15:53:42,Tablet
155,8,2024-12-13 21:20:12,TV
3,47,2025-06-20 22:30:02,Web
160,46,2025-01-14 02:01:26,Mobile
63,34,2025-01-02 15:57:34,TV
149,12,2024-10-10 12:41:36,Tablet
121,12,2024-12-03 11:24:53,Mobile
83,99,2025-02-10 11:47:54,Mobile
128,15,2025-06-10 12:00:17,Mobile
173,46,2025-02-28 16:57:47,Tablet
162,33,2024-10-19 08:28:21,Web
40,22,2024-08-25 10:40:18,Mobile
111,43,2025-02-13 07:34:05,Tablet
7,36,2024-10-01 06:08:21,Web
90,49,2025-02-23 02:08:43,Web
58,63,2025-05-21 02:36:05,Tablet
82,48,2024-06-28 07:38:10,TV
165,72,2025-05-27 19:06:21,Mobile
67,27,2025-04-04 02:39:23,Web
53,26,2025-03-30 18:45:54,Web
70,76,2024-10-27 06:37:22,Mobile
112,37,2025-05-07 19:04:26,TV
115,86,2024-07-04 01:51:11,Tablet
182,18,2025-01-03 19:15:36,Web
191,14,2024-11-09 21:18:05,TV
111,51,2025-02-19 19:56:14,Tablet
162,58,2024-07-19 08:09:57,Mobile
179,63,2025-06-17 01:45:41,Tablet
102,28,2025-05-29 20:54:54,TV
183,23,2025-03-30 06:19:06,Tablet
107,72,2024-08-08 07:35:52,Web
29,11,2025-06-07 10:44:01,TV
184,32,2024-11-16 20:14:22,Mobile
15,52,2025-06-19 07:41:42,Tablet
80,85,2024-12-11 12:39:32,Tablet
177,88,2025-03-28 00:34:12,TV
118,80,2025-04-12 12:05:48,Tablet
26,14,2024-08-25 18:47:15,TV
90,53,2024-10-04 00:12:21,Mobile
106,60,2025-04-25 01:04:13,TV
23,59,2024-10-02 12:14:32,Tablet
176,83,2024-07-26 09:52:51,Tablet
174,29,2024-09-24 06:55:38,TV
92,16,2025-04-27 01:12:49,TV
53,44,2024-08-18 22:36:55,Mobile
127,14,2024-09-06 05:46:54,Tablet
196,7,2025-01-03 12:49:54,Web
130,54,2025-01-31 14:56:29,Web
123,54,2024-11-06 13:54:56,TV
43,27,2025-06-09 14:31:59,Mobile
77,18,2024-12-29 05:02:32,TV
47,43,2024-07-21 09:54:18,TV
60,78,2025-06-01 16:56:25,Tablet
154,38,2024-10-23 15:53:57,Mobile
105,42,2025-03-25 10:19:55,Web
81,39,2025-01-22 21:08:29,TV
189,45,2024-10-31 13:37:56,Mobile
140,99,2024-08-13 10:02:28,Mobile
13,14,2024-12-07 21:59:13,Mobile
171,87,2025-01-22 09:36:44,Mobile
27,72,2024-11-19 11:56:06,Mobile
102,57,2025-04-29 14:37:50,Mobile
109,1,2024-08-20 16:03:25,Web
83,75,2024-08-29 01:03:31,Tablet
71,82,2025-04-06 03:44:50,Web
59,31,2025-06-13 01:39:25,TV
158,17,2024-09-28 00:10:40,Mobile
112,70,2025-05-11 14:01:59,Mobile
76,97,2025-02-01 08:22:40,Tablet
43,63,2025-04-10 19:44:16,Web
120,51,2024-11-16 05:45:02,Tablet
83,78,2024-10-05 09:29:07,TV
165,51,2024-12-05 20:41:25,Tablet
1,56,2024-11-20 03:17:49,TV
42,28,2024-09-11 09:32:55,Tablet
169,81,2025-02-05 02:14:28,TV
115,10,2024-07-22 13:05:12,Tablet
7,83,2024-11-08 06:05:49,TV
102,81,2024-10-13 16:22:55,Tablet
193,46,2025-03-13 00:47:04,Tablet
50,11,2024-10-25 10:08:56,Tablet
129,35,2024-09-26 23:46:18,Web
9,8,2024-12-17 00:11:13,TV
116,75,2025-04-11 06:04:58,Tablet
97,30,2025-01-30 17:34:35,Tablet
94,23,2025-03-19 22:07:06,Tablet
148,69,2025-06-04 15:58:39,TV
61,56,2024-11-25 08:08:33,TV
47,89,2025-04-19 08:11:04,Mobile
31,46,2024-07-06 09:28:06,TV
68,91,2025-02-14 09:59:54,Tablet
24,42,2025-01-10 07:42:51,Web
49,81,2025-02-27 18:26:01,Tablet
42,91,2024-08-22 06:35:50,Web
63,90,2024-10-10 22:36:39,Mobile
6,75,2025-06-13 15:59:38,Web
196,97,2024-12-30 09:27:32,Web
169,46,2024-09-19 15:49:36,Mobile
95,42,2024-09-27 10:01:08,TV
71,43,2024-10-25 21:49:42,Web
33,15,2024-09-09 17:18:56,Web
110,14,2025-02-19 22:55:08,Mobile
95,37,2024-07-26 12:28:00,Web
10,94,2024-12-26 14:46:39,Web
47,1,2025-01-09 21:45:13,Tablet
53,17,2025-04-10 15:50:51,Mobile
60,47,2025-01-14 19:44:24,TV
38,83,2024-10-07 13:04:24,TV
89,96,2024-10-29 11:51:26,Mobile
184,72,2024-08-22 04:29:40,Web
19,72,2025-03-27 06:12:28,TV
45,100,2025-01-30 11:44:55,Mobile
109,31,2025-05-01 06:24:17,Tablet
149,37,2025-02-17 19:00:51,Tablet
84,19,2024-09-13 21:05:07,TV
171,76,2025-02-28 14:59:52,Tablet
151,30,2025-01-07 18:58:56,TV
144,68,2024-11-12 09:41:52,Tablet
182,10,2025-05-03 21:49:06,Mobile
195,8,2025-04-11 09:00:17,Web
2,69,2025-02-13 22:03:52,Web
53,90,2024-07-22 18:41:59,Mobile
30,23,2024-08-02 01:54:37,Web
89,3,2024-09-16 23:21:20,Web
139,27,2025-01-09 21:50:08,TV
109,4,2025-05-15 15:45:16,Tablet
88,19,2025-01-27 01:46:22,Web
123,53,2025-06-03 18:06:34,Mobile
123,13,2024-12-03 03:23:19,Mobile
146,4,2025-03-08 23:24:10,Web
186,65,2025-04-27 01:44:51,Mobile
29,15,2024-08-31 23:24:25,Web
91,61,2024-10-24 04:01:38,Mobile
117,15,2024-09-21 06:25:09,TV
67,39,2025-02-25 12:10:50,TV
4,56,2024-07-14 18:02:56,Tablet
82,99,2024-08-24 01:35:09,TV
176,29,2025-06-21 21:05:19,Tablet
127,26,2024-10-25 08:58:52,Web
121,54,2024-08-17 20:01:02,Tablet
200,88,2025-05-26 17:05:45,Web
2,89,2024-08-19 15:06:37,TV
189,28,2024-10-29 03:44:20,Mobile
45,49,2024-08-22 13:36:15,Web
72,32,2025-02-16 01:47:00,TV
4,43,2024-11-27 17:02:32,TV
195,19,2024-10-20 03:00:40,TV
4,2,2024-07-06 13:05:25,Tablet
20,15,2025-03-29 01:16:15,Web
191,75,2024-08-12 04:09:01,TV
82,6,2024-12-09 19:40:13,Mobile
157,21,2025-01-07 06:36:48,TV
161,69,2025-01-03 22:31:19,TV
87,22,2025-05-31 12:40:46,Mobile
106,25,2025-06-26 11:03:47,TV
194,29,2024-09-15 16:16:06,Tablet
104,59,2025-06-17 03:20:37,Tablet
9,3,2025-05-31 12:37:22,TV
133,89,2025-01-16 16:34:25,Web
63,93,2025-01-23 04:08:35,Mobile
154,80,2024-10-22 08:43:38,Mobile
170,46,2025-05-30 23:34:10,Tablet
96,95,2024-08-11 21:32:54,Web
172,12,2024-12-24 07:59:38,Mobile
169,3,2024-07-10 00:56:36,TV
25,87,2025-05-12 14:30:45,Web
109,54,2025-04-05 08:43:55,Mobile
156,15,2024-11-29 02:10:29,Web
171,21,2025-04-27 15:12:32,Web
139,40,2025-03-10 14:36:54,Tablet
170,96,2024-08-18 14:10:12,Web
48,9,2025-06-09 11:40:52,Web
199,58,2024-11-28 01:38:46,Web
162,48,2025-03-10 13:49:43,TV
164,87,2025-01-05 13:35:18,TV
140,6,2025-01-09 14:16:01,TV
135,60,2024-09-26 06:02:01,Web
22,86,2024-09-02 01:18:33,TV
38,67,2024-10-29 21:14:16,Tablet
172,35,2025-06-20 01:06:21,Tablet
150,22,2025-02-05 00:19:52,Tablet
73,68,2024-10-22 22:26:21,Mobile
170,82,2024-12-27 10:46:04,Mobile
15,95,2024-11-02 12:08:05,Mobile
153,62,2025-05-26 23:21:07,TV
128,65,2025-05-28 18:49:16,TV
80,37,2024-08-15 20:54:30,TV
45,51,2025-03-22 11:25:36,TV
134,29,2025-06-16 21:57:03,Tablet
49,56,2024-08-01 18:40:18,Web
139,46,2024-11-06 23:15:13,Mobile
10,56,2025-06-01 08:58:00,TV
150,37,2024-12-28 17:34:08,Tablet
104,97,2025-01-13 03:54:21,Mobile
111,92,2025-06-22 17:58:18,Web
157,40,2024-07-07 03:29:07,Mobile
35,19,2024-10-21 00:15:18,Mobile
28,95,2024-09-12 07:22:48,Tablet
80,1,2025-04-21 20:15:56,Web
145,9,2025-03-02 15:03:59,TV
6,32,2024-07-19 16:39:34,Mobile
130,5,2024-07-26 23:38:10,Mobile
115,28,2025-06-03 05:30:42,Tablet
161,62,2025-02-23 11:33:07,Mobile
180,88,2024-07-08 07:28:54,TV
152,89,2025-03-08 21:01:31,Web
99,20,2024-12-19 05:16:19,Web
92,53,2024-08-21 04:17:24,TV
186,66,2025-04-24 20:36:06,Mobile
142,68,2024-12-17 09:40:47,TV
168,67,2025-01-30 08:56:30,Web
66,94,2024-12-08 04:00:38,Mobile
167,55,2025-03-24 22:45:55,Mobile
140,8,2025-01-09 01:19:30,Tablet
125,9,2025-06-26 04:27:13,Tablet
9,23,2025-06-07 04:24:39,Web
101,83,2024-06-28 00:34:23,Mobile
110,92,2024-07-02 10:27:32,Tablet
199,38,2025-01-28 06:22:06,Web
133,94,2025-06-16 05:46:01,Mobile
47,85,2024-11-14 13:45:36,Web
125,62,2025-05-29 01:33:34,Mobile
123,25,2025-05-26 09:01:09,TV
12,45,2025-04-17 17:04:00,TV
24,69,2024-09-25 00:48:57,Web
42,96,2024-09-06 18:24:13,Web
151,19,2025-02-05 11:49:31,Tablet
14,41,2025-05-26 08:44:06,Web
134,50,2024-08-13 03:22:45,TV
39,69,2024-07-28 07:48:34,TV
110,97,2024-11-09 13:05:47,Web
53,75,2025-06-06 17:50:51,TV
27,7,2024-10-03 05:23:10,Mobile
200,88,2025-05-11 15:14:39,Mobile
128,39,2025-06-07 07:49:21,Mobile
44,46,2025-01-13 13:41:42,Web
59,76,2024-08-20 07:41:05,Tablet
82,60,2025-04-29 13:05:38,Tablet
178,24,2024-10-27 08:48:24,TV
147,69,2024-09-25 17:14:11,TV
131,63,2025-06-21 12:35:52,Mobile
27,46,2025-05-28 05:22:39,TV
66,6,2024-08-09 21:19:19,Web
146,84,2025-03-10 05:24:45,TV
167,20,2024-12-05 02:38:01,TV
177,97,2025-05-02 21:16:18,Tablet
12,51,2025-05-12 01:05:25,TV
179,20,2025-04-13 22:36:35,Web
153,67,2024-11-14 12:26:16,Mobile
9,94,2025-04-16 01:52:35,TV
164,17,2025-04-17 15:55:26,Web
15,69,2025-04-07 15:19:29,Web
81,65,2025-02-17 16:30:18,Tablet
108,67,2024-11-16 03:35:52,TV
52,55,2024-08-19 18:52:48,Web
143,76,2024-09-26 19:28:33,Web
66,43,2025-03-26 22:01:11,TV
123,59,2025-01-12 12:59:24,Tablet
109,35,2025-05-20 13:36:50,TV
94,87,2025-02-03 13:32:40,TV
79,73,2025-01-19 19:20:24,Web
28,8,2024-07-06 04:44:21,Tablet
132,66,2024-08-25 02:28:25,Web
23,11,2025-05-10 03:10:10,TV
112,99,2025-02-22 15:44:51,Tablet
11,26,2025-05-15 19:54:07,Web
10,80,2024-10-06 16:41:19,TV
173,49,2025-05-02 12:03:56,Mobile
23,62,2024-08-16 03:27:44,Web
116,61,2025-01-22 04:46:55,Web
169,65,2024-07-19 01:45:48,TV
170,48,2025-04-11 02:05:15,Tablet
37,47,2025-05-17 20:20:41,TV
140,88,2024-10-30 04:16:14,Tablet
3,28,2025-05-09 02:09:25,Mobile
181,67,2024-07-23 04:04:44,TV
198,39,2024-09-08 10:54:29,Tablet
149,97,2025-01-26 00:09:47,Mobile
142,13,2025-02-20 10:54:03,Mobile
168,12,2025-06-03 08:00:20,Mobile
176,97,2025-04-05 03:02:27,Web
172,36,2024-08-15 14:02:01,TV
171,26,2024-09-03 00:29:17,TV
135,90,2025-04-15 04:25:46,Tablet
85,90,2025-05-03 03:22:13,Web
14,92,2025-02-02 07:22:13,Web
134,68,2025-01-08 22:36:38,Mobile
200,40,2025-04-26 01:53:47,Web
125,92,2025-04-25 06:51:14,Mobile
151,45,2025-04-05 23:00:27,TV
83,29,2024-07-28 10:44:25,TV
14,48,2025-03-31 05:46:34,Tablet
107,87,2024-08-21 08:24:36,Mobile
149,1,2024-07-31 16:37:30,TV
114,40,2025-04-27 21:47:00,TV
199,86,2025-02-23 20:19:06,Web
151,5,2025-03-08 09:47:14,Web
170,48,2024-10-15 00:37:41,TV
10,32,2025-05-28 08:27:24,Tablet
69,4,2024-10-16 20:56:15,TV
89,10,2024-08-17 18:48:21,Tablet
66,19,2024-08-02 11:47:42,Tablet
145,79,2025-01-03 01:24:32,Web
1,29,2024-08-08 03:02:04,Mobile
126,33,2025-02-01 11:32:49,TV
68,95,2025-03-26 16:18:55,Tablet
6,17,2024-09-21 13:10:03,Mobile
143,23,2024-09-29 07:34:35,Tablet
197,21,2024-10-20 11:03:25,Tablet
190,35,2024-09-28 10:00:05,Mobile
191,54,2024-12-04 12:59:00,Web
88,49,2025-03-03 20:18:04,Tablet
196,54,2025-05-29 19:54:33,TV
56,68,2025-04-27 11:21:21,Tablet
83,20,2024-08-25 04:42:55,TV
154,16,2025-05-10 14:05:49,Web
75,76,2024-11-12 06:23:15,Mobile
82,20,2024-08-14 15:12:01,Mobile
55,91,2025-04-08 02:08:53,Mobile
156,53,2025-01-01 22:34:47,Tablet
175,92,2024-12-31 13:48:14,Web
148,98,2024-09-20 21:27:47,Web
182,98,2024-11-22 22:15:09,TV
141,75,2024-09-09 07:02:46,Web
167,88,2025-02-25 00:44:28,Web
151,47,2025-03-19 12:52:39,Mobile
34,95,2024-07-18 11:58:24,TV
149,67,2024-09-10 03:08:54,Mobile
199,55,2024-09-03 13:17:50,Tablet
132,20,2024-08-30 10:31:42,Tablet
26,86,2024-11-20 18:50:54,TV
186,86,2024-06-29 05:04:47,Tablet
194,51,2024-09-24 06:37:03,Mobile
77,12,2025-02-25 18:30:13,TV
89,37,2024-12-06 14:44:36,Mobile
99,26,2024-09-07 06:20:49,Mobile
159,48,2024-12-09 18:50:23,Tablet
199,64,2025-01-24 19:09:35,Tablet
44,52,2024-07-17 12:19:58,TV
47,39,2024-12-27 20:47:32,Mobile
163,55,2025-04-22 20:38:11,Web
125,16,2024-11-15 14:12:45,Web
16,32,2024-09-03 20:33:02,Tablet
92,4,2025-04-16 20:22:09,Mobile
165,39,2025-06-09 15:29:46,Web
24,14,2025-02-22 06:48:09,Mobile
100,30,2024-07-22 16:42:23,Tablet
133,86,2024-09-07 11:12:54,Tablet
83,66,2024-11-03 13:45:10,Tablet
123,54,2025-05-10 18:10:38,TV
58,63,2024-07-11 12:41:18,TV
76,92,2024-08-20 05:16:01,Web
170,26,2025-05-21 18:56:15,Web
31,84,2025-06-10 15:12:55,Web
116,35,2024-06-29 03:07:34,Web
66,6,2025-02-16 23:42:31,Web
150,7,2024-11-07 21:56:37,TV
61,44,2025-02-02 05:21:26,Mobile
188,81,2024-09-21 17:22:27,Web
121,1,2025-03-20 19:54:30,TV
59,4,2025-06-21 13:31:13,Web
63,42,2024-11-21 21:45:03,Web
126,31,2024-07-30 01:49:54,Web
10,99,2025-01-12 04:27:33,TV
60,77,2025-01-11 06:00:27,Mobile
171,37,2024-08-20 09:08:48,TV
74,8,2024-06-28 15:38:40,Web
85,16,2025-05-26 16:58:08,Mobile
6,33,2024-08-30 07:56:33,Tablet
63,91,2025-05-18 05:57:04,Web
158,28,2025-04-17 10:33:23,Tablet
95,23,2025-04-28 11:52:15,Web
20,37,2024-11-28 03:42:49,Mobile
102,56,2024-08-12 10:59:11,TV
9,15,2025-02-14 14:06:33,Web
109,74,2024-11-02 00:54:44,Tablet
37,47,2025-06-18 11:17:02,Mobile
113,93,2025-04-16 17:36:17,Mobile
151,22,2024-08-07 16:20:43,TV
2,22,2024-12-23 14:17:28,TV
20,62,2024-07-21 04:17:02,Mobile
196,71,2024-09-25 22:49:36,Tablet
158,5,2025-02-09 16:03:02,TV
64,76,2024-09-12 05:20:27,Mobile
136,90,2024-11-30 11:51:03,Web
115,93,2024-08-16 21:59:30,TV
175,15,2025-04-03 12:54:27,TV
116,95,2024-11-26 03:59:54,Web
112,73,2025-02-17 01:14:18,Web
131,80,2024-09-30 10:11:44,Mobile
122,62,2024-09-12 16:40:45,Tablet
138,76,2024-10-02 11:14:42,Mobile
42,27,2025-06-07 01:54:48,Web
73,4,2024-09-13 20:53:16,Tablet
147,74,2025-05-15 03:09:57,TV
125,3,2024-11-07 01:32:17,TV
180,82,2025-02-20 08:26:35,Web
2,31,2024-07-03 21:43:16,Mobile
101,20,2024-10-04 15:46:14,Tablet
47,6,2024-09-16 00:14:36,Web
162,55,2024-07-26 05:09:53,TV
155,44,2025-04-12 08:35:19,TV
73,94,2024-08-30 11:37:11,TV
46,54,2025-04-02 00:32:22,TV
67,90,2024-08-17 00:59:02,Tablet
139,1,2025-06-12 02:59:15,TV
104,16,2025-02-26 01:27:01,TV
109,21,2024-09-10 11:43:02,Tablet
185,36,2024-10-10 04:05:10,Tablet
146,75,2025-01-24 17:48:02,Tablet
62,80,2024-08-24 22:18:08,Tablet
105,94,2024-07-17 19:48:34,Web
136,33,2024-08-26 01:20:31,Tablet
148,98,2025-03-20 21:28:09,TV
80,100,2025-01-09 20:30:31,Tablet
151,56,2024-08-11 22:24:29,Web
65,71,2024-12-16 22:09:16,TV
34,27,2025-02-14 23:22:42,Web
16,40,2025-05-08 00:13:14,Tablet
141,40,2024-07-09 04:24:06,Mobile
79,10,2024-09-01 12:23:28,Web
87,100,2025-05-07 12:08:06,Tablet
52,69,2024-09-08 13:02:53,Mobile
63,58,2024-10-02 19:56:16,Web
87,17,2025-06-19 17:21:19,Mobile
56,89,2024-09-13 17:54:56,Web
141,44,2025-05-21 23:53:25,Web
177,15,2024-12-31 15:56:32,Mobile
157,88,2024-12-25 13:09:25,TV
64,50,2025-04-28 17:52:04,Web
67,35,2025-05-11 20:47:17,Tablet
7,20,2024-07-05 06:35:12,Mobile
135,90,2024-07-22 16:37:54,Web
27,30,2024-07-07 16:24:13,Mobile
126,62,2025-03-02 19:30:19,Mobile
23,39,2024-08-23 08:39:21,Mobile
120,45,2025-04-10 13:13:29,Web
75,37,2025-02-05 22:29:05,TV
199,94,2025-03-23 21:57:42,Tablet
10,61,2025-01-19 16:11:59,Web
111,70,2025-01-03 10:56:43,TV
115,33,2025-02-18 21:25:18,TV
117,75,2024-10-28 06:42:50,TV
72,58,2025-02-04 22:30:39,Tablet
168,91,2024-10-21 04:33:10,Mobile
184,31,2024-09-30 16:24:00,TV
13,73,2025-01-31 08:21:47,Mobile
116,44,2025-04-21 17:40:14,TV
21,80,2024-09-13 06:28:44,Tablet
125,22,2025-04-08 06:41:52,Tablet
169,55,2025-05-11 07:57:25,Web
73,34,2024-12-16 07:10:52,Mobile
1,1,2025-02-23 16:12:52,Tablet
127,98,2025-05-16 09:01:34,Tablet
199,77,2025-04-22 15:03:04,Tablet
65,37,2025-06-25 21:02:25,Tablet
73,11,2025-04-26 14:33:42,Mobile
8,64,2024-10-09 06:21:36,Web
106,53,2024-08-16 03:02:38,TV
99,84,2024-10-14 03:42:31,Web
93,19,2024-12-25 11:56:24,Web
152,46,2024-12-09 18:55:39,TV
70,51,2024-09-07 10:32:14,Web
62,34,2025-03-20 13:19:32,Web
168,2,2024-12-24 21:49:10,Tablet
56,3,2024-10-26 08:33:59,Tablet
105,6,2025-04-23 20:28:18,Mobile
86,76,2024-12-12 19:19:55,Tablet
97,41,2025-05-18 20:27:01,Tablet
85,59,2025-01-05 09:42:44,Web
29,2,2025-06-02 05:20:13,Web
190,63,2024-07-23 21:30:28,TV
141,32,2024-09-23 20:18:43,TV
154,2,2025-05-08 18:56:20,TV
117,100,2024-12-28 13:28:19,Mobile
88,69,2025-06-23 15:41:27,Tablet
81,100,2025-04-08 08:05:58,Web
66,85,2024-09-23 02:14:01,Web
139,76,2024-07-04 19:12:36,Web
109,2,2024-08-29 15:29:22,Tablet
67,74,2025-06-18 12:38:12,Mobile
104,15,2025-04-29 08:40:55,TV
169,43,2024-07-06 11:14:45,Web
182,71,2024-11-28 14:12:26,Web
100,20,2025-04-04 03:44:18,Tablet
66,62,2024-09-01 04:23:40,TV
89,43,2024-07-04 00:25:02,Tablet
89,24,2025-04-18 13:23:36,Web
17,43,2025-03-07 19:26:20,Web
195,100,2025-04-30 12:38:44,Web
38,34,2025-02-19 14:33:08,Web
27,5,2025-01-26 00:20:00,Web
42,79,2025-03-27 14:11:15,TV
27,72,2024-10-23 06:20:19,Mobile
85,34,2024-10-06 23:52:03,TV
147,65,2024-11-19 16:48:38,Web
185,45,2024-10-08 19:44:31,Mobile
153,24,2025-01-21 14:55:25,TV
146,33,2025-01-30 23:27:01,Web
93,43,2024-08-31 14:05:12,Mobile
100,51,2025-03-04 09:01:46,Tablet
110,71,2025-02-14 10:54:43,Web
188,27,2024-08-04 03:25:43,Mobile
68,70,2025-02-13 03:52:09,TV
124,74,2025-05-10 04:18:58,TV
190,48,2024-07-28 09:45:21,Tablet
192,95,2025-02-04 20:55:56,TV
117,73,2025-01-16 08:35:44,Mobile
129,63,2024-10-29 18:49:37,TV
190,87,2025-06-26 18:12:07,Web
123,83,2025-03-06 11:39:56,Mobile
158,49,2025-05-05 02:36:41,TV
60,73,2025-04-28 05:37:16,Web
192,2,2024-07-29 14:11:03,Tablet
124,12,2025-03-11 15:15:25,Tablet
141,51,2024-09-10 18:48:13,Tablet
160,51,2025-03-24 12:44:55,Tablet
121,66,2025-04-29 02:02:57,Tablet
156,64,2025-02-06 12:48:00,Mobile
10,97,2025-06-26 23:24:07,Web
53,52,2025-05-23 14:08:35,Tablet
153,51,2025-01-22 12:53:55,TV
179,85,2024-12-06 00:58:03,Tablet
92,69,2025-02-18 17:49:16,TV
14,16,2024-09-05 15:49:09,TV
84,96,2024-11-01 14:15:36,Web
192,81,2024-10-24 05:51:20,Tablet
28,73,2024-10-08 23:44:20,TV
182,90,2024-07-01 14:14:34,Web
46,68,2024-10-29 19:57:51,Mobile
97,6,2024-07-28 11:48:20,Mobile
67,16,2024-11-02 15:25:21,Tablet
9,27,2024-08-15 20:41:14,Web
130,51,2025-06-13 15:06:51,Mobile
63,31,2024-07-08 19:38:45,Tablet
108,56,2024-12-23 22:52:40,Tablet
18,91,2025-01-03 10:35:09,TV
103,26,2025-05-03 23:00:28,Mobile
183,6,2024-12-03 21:38:56,Mobile
186,29,2024-09-30 20:47:25,Tablet
94,26,2025-05-29 22:03:35,Mobile
35,43,2025-04-16 08:34:23,Web
54,42,2025-01-15 04:19:12,Web
186,29,2024-08-26 11:50:55,Web
39,11,2025-06-07 11:13:45,Web
170,53,2024-07-16 20:47:59,TV
13,11,2024-09-02 11:12:24,Mobile
62,36,2024-10-16 07:30:07,Mobile
186,95,2024-08-19 17:30:54,Mobile
52,71,2025-06-10 21:23:54,Mobile
133,47,2025-06-10 16:21:02,Tablet
98,45,2025-06-22 22:51:11,Mobile
18,5,2025-06-08 16:55:59,Tablet
87,36,2024-12-10 21:49:00,Mobile
197,41,2024-08-13 08:10:21,Web
94,48,2025-01-03 16:13:50,Tablet
150,47,2025-02-19 20:11:49,TV
30,12,2025-02-17 20:30:59,Mobile
68,52,2024-10-26 21:30:28,Tablet
124,75,2024-11-11 07:42:23,Mobile
85,36,2025-02-16 18:03:26,Web
98,6,2025-06-06 14:32:50,TV
144,37,2024-08-08 11:41:49,Tablet
107,87,2024-11-09 06:32:44,Tablet
59,58,2024-08-18 00:27:07,Web
99,97,2024-12-24 14:23:17,Mobile
15,53,2025-01-23 01:23:33,TV
33,53,2025-04-02 11:32:48,Tablet
103,27,2025-04-26 21:50:29,Tablet
140,46,2025-05-05 00:13:36,TV
173,71,2025-04-01 01:58:31,TV
155,31,2025-04-25 15:57:24,Mobile
165,9,2025-06-26 14:30:06,TV
133,64,2024-07-12 04:08:27,Mobile
101,15,2025-05-12 00:40:20,TV
41,50,2024-08-07 22:30:39,Mobile
131,36,2025-06-02 00:14:35,Tablet
161,27,2024-10-15 21:24:29,Web
190,62,2024-08-21 17:04:37,Tablet
57,93,2025-03-10 00:46:37,Mobile
78,94,2025-03-16 01:45:06,Tablet
96,24,2024-09-28 05:37:20,TV
51,84,2024-08-02 23:26:47,Tablet
79,59,2024-08-22 18:32:23,Mobile
62,87,2025-06-14 11:14:58,Tablet
157,65,2024-11-30 17:50:10,Mobile
135,38,2024-08-22 17:32:16,Mobile
80,63,2025-02-01 23:14:31,Tablet
114,78,2024-12-12 03:53:19,TV
176,40,2024-07-18 09:33:52,Web
171,33,2025-03-23 13:55:07,TV
11,56,2024-11-23 15:16:58,Tablet
147,55,2025-01-29 02:47:27,Tablet
100,72,2024-11-07 05:08:29,Tablet
191,35,2025-03-25 00:06:04,Web
94,1,2024-11-17 12:55:06,Web
46,76,2025-03-12 13:22:05,Web
91,78,2024-07-14 05:03:04,TV
111,57,2024-12-23 22:59:13,TV
191,82,2024-12-13 15:37:48,TV
20,97,2025-04-02 18:44:46,Mobile
164,77,2024-09-28 15:40:15,TV
176,77,2024-10-26 22:36:41,Tablet
136,73,2024-11-25 20:45:27,Web
101,65,2024-09-27 19:48:03,Web
143,27,2025-06-02 17:31:33,Tablet
150,45,2024-10-29 10:43:32,Tablet
49,62,2025-05-11 06:27:59,Web
36,89,2024-11-14 19:33:53,Web
61,9,2024-07-15 13:13:54,Tablet
79,28,2025-02-27 14:30:48,Tablet
200,26,2024-12-06 14:47:04,Mobile
36,19,2024-11-21 11:25:57,Web
67,85,2025-06-24 14:16:51,Tablet
116,56,2024-12-30 17:51:13,TV
32,43,2024-12-13 10:58:06,Mobile
110,13,2024-10-26 21:06:12,Web
51,80,2025-05-02 16:23:56,Tablet
13,55,2025-01-14 18:51:20,Mobile
24,77,2024-10-23 21:06:19,Mobile
65,58,2025-01-19 18:02:15,TV
159,11,2025-01-06 15:01:16,Tablet
128,36,2025-05-17 16:22:28,Tablet
59,30,2024-12-13 11:13:13,Mobile
90,82,2024-10-16 04:00:57,Web
191,90,2024-12-26 01:10:41,Mobile
54,40,2025-02-10 08:32:53,TV
6,26,2025-04-20 06:42:18,Web
33,84,2024-08-11 10:26:46,Tablet
186,22,2025-06-14 21:05:51,TV
29,82,2025-01-19 08:00:35,Tablet
133,82,2025-01-26 18:18:07,Tablet
121,25,2025-06-02 05:14:36,Mobile
43,99,2024-11-14 21:37:17,Mobile
187,70,2025-05-21 05:06:25,Mobile
125,23,2025-01-27 10:37:26,TV
157,8,2025-03-28 16:44:59,TV
95,48,2025-05-22 09:10:10,Mobile
59,56,2025-02-05 08:05:49,TV
126,21,2024-06-28 10:38:45,Web
89,53,2025-03-01 01:07:52,Tablet
175,88,2024-09-25 02:58:54,Mobile
141,32,2024-09-26 15:43:22,Mobile
143,59,2025-01-30 11:58:55,TV
130,87,2024-11-11 08:15:25,TV
80,80,2024-10-15 04:09:27,TV
160,37,2024-12-02 02:44:42,Web
70,57,2024-09-20 04:28:37,Web
151,19,2025-05-06 20:45:42,TV
52,55,2024-06-29 14:03:57,Tablet
166,74,2024-09-19 10:02:28,Tablet
103,27,2025-04-27 16:21:29,Web
24,72,2024-08-29 01:53:02,TV
80,23,2024-12-07 10:21:34,Tablet
49,95,2024-12-14 12:36:27,Tablet
31,59,2024-08-28 21:01:53,Mobile
183,43,2024-07-22 18:32:19,Tablet
111,5,2024-08-26 07:05:48,Mobile
194,70,2024-07-25 13:53:52,TV
178,28,2024-10-27 11:41:26,TV
104,77,2025-06-22 04:03:06,Tablet
150,33,2025-01-17 23:44:07,Web
88,40,2024-12-05 05:16:18,Tablet
88,85,2025-01-21 14:25:27,Web
25,38,2024-07-10 19:28:59,Mobile
63,43,2024-08-22 06:19:30,Web
166,25,2024-09-07 15:23:16,Mobile
96,85,2025-02-01 08:02:02,TV
22,93,2024-12-02 20:42:55,TV
185,51,2025-02-26 05:20:55,Web
79,100,2024-09-01 17:59:59,Web
162,4,2024-08-16 20:51:12,Web
24,44,2025-01-19 09:14:41,Mobile
70,85,2025-03-30 13:23:01,Web
85,62,2024-10-19 07:52:23,TV
112,67,2024-10-22 13:51:57,Tablet
29,11,2025-06-19 11:16:07,Web
18,80,2024-10-02 23:23:43,TV
167,57,2025-03-29 05:05:19,Tablet
142,97,2025-04-18 08:12:18,TV
38,1,2024-10-18 16:33:06,Mobile
74,96,2025-05-22 03:55:16,Tablet
185,30,2025-01-31 01:21:23,Tablet
48,22,2024-08-23 19:18:56,TV
16,43,2025-04-08 13:41:02,Mobile
82,24,2025-01-03 06:13:48,TV
174,89,2025-03-09 01:28:32,TV
40,57,2025-06-13 05:06:25,Mobile
168,91,2024-08-15 11:11:33,Tablet
90,32,2024-07-14 12:03:46,Mobile
63,98,2025-06-01 01:06:08,Tablet
162,10,2025-05-25 06:24:16,Tablet
147,37,2024-07-02 06:21:24,Web
52,17,2025-04-27 13:16:21,Mobile
199,56,2025-02-21 11:38:39,TV
6,58,2024-12-27 02:59:00,Tablet
155,50,2024-09-27 06:35:11,Mobile
131,69,2024-08-20 11:46:49,Mobile
33,59,2025-03-28 12:34:58,TV
79,14,2024-09-14 02:35:29,TV
138,18,2024-07-24 07:28:24,Web
63,86,2024-10-12 20:42:58,TV
193,87,2025-01-12 13:39:12,Tablet
116,14,2025-06-03 00:10:28,Mobile
32,60,2025-06-04 23:29:15,Web
28,90,2024-09-30 21:37:20,Web
104,10,2025-03-03 14:54:46,Mobile
36,86,2024-11-20 17:37:07,Tablet
141,91,2025-01-02 21:20:50,Mobile
37,85,2025-06-12 06:00:37,TV
157,99,2024-12-03 23:05:53,Web
107,76,2024-10-12 03:02:28,Tablet
124,81,2025-02-27 11:51:53,Tablet
123,41,2024-07-05 21:52:09,Web
83,25,2025-02-17 11:30:06,Mobile
108,51,2024-07-09 12:44:43,Web
169,59,2024-11-20 15:52:51,TV
191,64,2024-08-05 19:17:48,Mobile
150,35,2025-05-06 08:33:54,Tablet
80,42,2024-12-24 12:56:49,TV
188,62,2024-10-30 18:07:59,TV
56,69,2025-03-27 00:23:48,TV
15,67,2024-12-29 23:12:44,Mobile
168,58,2024-08-31 16:20:46,TV
15,58,2024-09-03 07:22:37,Web
139,27,2025-01-05 04:45:55,Tablet
91,33,2025-04-16 09:10:17,Mobile
116,96,2025-06-09 03:18:46,Web
193,8,2024-11-30 12:11:01,TV
123,95,2025-04-16 14:29:04,TV
11,52,2025-05-03 20:23:37,Mobile
193,47,2024-09-20 16:46:47,Web
152,54,2025-06-17 00:41:31,TV
187,31,2024-09-21 06:04:46,Mobile
181,48,2024-10-08 19:39:51,TV
18,72,2025-04-11 18:10:07,Tablet
51,68,2024-09-13 01:46:48,Tablet
116,30,2024-08-12 22:44:06,Web
183,79,2024-08-29 06:05:17,Mobile
149,57,2025-06-21 08:01:05,Tablet
176,89,2025-04-02 11:36:49,TV
156,25,2025-02-17 20:09:29,Mobile
30,48,2024-11-22 07:54:42,Mobile
30,88,2025-06-02 04:29:11,Mobile
141,19,2024-08-30 01:53:21,Web
133,9,2025-05-14 16:26:37,Web
10,39,2025-03-20 06:31:05,Web
142,37,2024-06-30 09:59:53,Mobile
148,15,2025-04-18 18:59:14,Web
19,34,2025-03-24 14:15:54,TV
14,11,2025-02-01 13:12:36,Tablet
171,43,2025-01-18 13:13:02,Tablet
137,29,2024-09-12 17:58:18,TV
24,2,2025-02-11 10:12:33,TV
143,61,2025-04-11 10:39:33,Web
139,20,2025-05-11 16:07:31,Web
68,11,2024-10-26 15:54:02,TV
178,32,2025-01-04 05:57:00,Tablet
30,5,2025-02-02 03:36:01,Tablet
67,78,2025-02-10 14:31:40,Tablet
184,34,2025-04-14 06:31:18,Mobile
60,58,2025-02-27 08:54:23,Mobile
118,36,2024-07-19 12:18:25,TV
175,81,2024-12-03 20:50:39,TV
111,48,2024-09-10 15:01:31,Mobile
91,42,2025-04-30 09:20:51,Mobile
195,52,2024-07-22 11:38:35,Mobile
126,94,2024-09-25 16:34:23,TV
107,87,2024-12-21 01:05:36,TV
174,53,2025-02-13 12:46:16,Web
106,7,2024-09-06 14:05:25,Mobile
186,100,2025-04-18 18:38:35,Tablet
187,9,2024-08-27 05:16:34,Tablet
41,53,2024-11-23 22:08:16,Mobile
71,19,2025-06-22 04:25:07,TV
38,17,2025-01-22 12:25:02,Web
93,33,2025-03-22 01:35:52,TV
120,7,2024-12-23 07:56:21,TV
25,85,2025-03-26 03:22:00,Tablet
28,20,2024-10-04 03:18:53,Tablet
32,15,2024-07-29 04:33:42,Mobile
107,83,2024-08-01 03:19:18,TV
197,42,2025-04-28 01:54:50,TV
178,24,2024-07-31 15:14:05,Tablet
197,47,2025-06-24 21:05:57,TV
31,20,2024-11-28 08:32:52,Mobile
151,53,2025-03-14 19:20:54,Web
68,51,2025-02-07 07:45:52,Web
133,37,2025-02-04 20:24:17,Tablet
95,48,2025-02-16 20:14:36,Web
17,54,2025-05-13 22:31:43,Web
133,65,2025-03-03 07:30:43,Web
168,33,2025-06-14 12:07:13,Web
177,50,2024-11-04 02:33:10,TV
106,34,2024-12-12 01:03:41,TV
16,19,2025-05-25 09:53:30,Mobile
1,39,2024-07-16 07:51:36,Mobile
195,32,2024-10-17 22:53:09,Mobile
108,5,2025-04-23 21:58:50,Mobile
154,31,2025-01-21 04:19:32,Web
181,23,2024-06-29 17:02:45,Mobile
90,26,2024-07-14 16:11:45,Tablet
171,36,2024-07-11 17:44:57,Mobile
108,77,2024-11-01 20:55:58,TV
107,66,2024-09-18 06:32:56,Tablet
73,13,2024-09-01 09:53:05,Web
11,16,2025-05-06 00:48:13,Mobile
160,59,2024-12-29 21:46:46,Mobile
4,61,2024-11-08 08:31:03,Tablet
85,88,2024-07-30 18:00:51,Tablet
119,52,2025-01-13 16:01:46,Tablet
93,16,2025-06-12 17:38:29,TV
95,62,2025-05-25 09:10:04,Tablet
95,56,2024-12-02 20:58:48,Tablet
56,68,2024-12-19 05:59:37,Tablet
149,80,2024-09-02 23:28:44,Mobile
148,86,2024-07-11 17:44:53,TV
179,68,2025-03-02 03:48:10,Web
55,2,2024-12-24 00:15:57,Web
111,72,2025-03-10 15:04:00,TV
64,56,2024-09-10 10:17:27,Web
186,22,2025-04-18 04:40:11,Web
126,91,2025-01-16 10:22:20,Tablet
113,84,2024-11-24 06:35:57,Mobile
19,33,2025-03-27 03:20:10,Tablet
131,89,2024-09-17 07:42:32,Tablet
164,41,2024-10-10 16:20:26,TV
42,1,2024-09-22 18:15:35,Tablet
39,76,2024-07-20 12:26:13,TV
150,97,2024-10-22 17:47:31,Mobile
138,89,2025-03-20 07:57:44,Mobile
113,11,2024-09-23 02:49:45,TV
98,23,2025-03-20 16:18:24,TV
152,48,2024-12-30 08:12:22,Tablet
82,99,2024-07-06 08:02:55,TV
89,77,2024-12-16 15:23:45,Web
156,99,2024-09-01 06:16:35,Web
134,14,2025-02-10 21:15:27,Web
21,56,2024-07-01 16:19:18,Mobile
64,2,2024-06-29 06:47:23,Tablet
103,77,2025-06-21 01:51:41,Web
197,28,2025-02-20 01:08:21,TV
131,69,2024-12-28 10:25:24,Mobile
1,88,2024-08-02 19:44:34,Tablet
156,40,2024-10-29 04:55:28,Web
176,54,2024-11-13 09:13:32,Mobile
123,36,2024-10-22 06:51:47,Web
127,67,2024-07-29 12:04:49,Tablet
176,69,2024-09-05 01:18:08,Tablet
120,76,2025-03-30 18:37:15,Tablet
110,24,2024-11-29 17:06:18,Mobile
56,74,2025-04-18 02:23:27,Tablet
53,25,2024-12-16 10:15:29,Web
127,84,2025-05-26 01:21:24,TV
4,19,2025-03-08 08:34:02,TV
160,80,2024-12-10 13:38:25,TV
169,38,2025-04-17 04:21:32,Tablet
52,8,2024-07-28 00:43:10,Tablet
12,43,2024-10-09 14:55:53,TV
41,23,2025-02-20 19:48:17,Tablet
72,76,2024-10-06 15:12:21,Tablet
101,25,2025-03-01 07:13:34,TV
38,4,2025-03-15 12:47:37,TV
6,94,2024-09-14 07:24:15,Web
119,56,2024-11-13 12:03:35,TV
112,82,2025-04-08 15:34:28,Mobile
56,94,2025-05-10 15:08:26,Tablet
186,67,2025-03-01 16:53:47,Mobile
138,32,2024-12-14 08:41:42,TV
81,79,2025-01-23 23:29:49,Mobile
24,38,2025-06-26 21:42:53,Tablet
49,3,2024-11-24 10:46:18,Web
140,55,2025-05-29 17:42:45,TV
174,73,2025-06-09 15:56:31,TV
133,97,2025-01-30 08:16:23,TV
148,34,2025-05-28 21:00:45,Web
167,21,2025-04-19 19:38:24,Mobile
119,40,2025-01-06 06:49:04,Mobile
151,61,2024-11-19 21:38:56,Mobile
56,58,2025-01-12 21:39:20,Mobile
121,43,2024-10-28 19:17:15,Tablet
48,39,2024-07-13 01:45:10,Web
69,68,2025-02-19 05:02:28,TV
15,23,2024-12-02 14:22:13,Web
148,27,2024-12-02 01:23:30,Mobile
110,39,2024-11-14 22:48:17,TV
27,60,2024-08-20 03:03:06,TV
151,76,2024-09-11 10:53:16,Tablet
9,36,2025-05-20 19:51:13,Tablet
45,42,2024-08-18 10:12:08,Tablet
127,27,2024-07-26 11:15:32,Web
160,29,2024-12-23 19:25:26,TV
183,62,2024-12-06 23:26:42,TV
29,83,2025-02-11 19:24:48,Tablet
24,81,2024-08-06 07:21:50,TV
140,97,2024-11-13 14:11:36,Web
6,66,2025-05-06 10:58:28,Web
110,18,2025-03-08 01:20:09,Tablet
60,56,2025-05-19 15:53:55,Web
109,45,2025-02-21 05:04:21,Mobile
157,75,2025-02-09 02:28:44,Web
143,26,2024-09-16 20:36:45,Mobile
98,31,2025-02-11 06:13:13,TV
48,87,2024-12-12 13:52:55,Tablet
70,78,2024-09-02 20:04:52,Tablet
48,95,2024-07-20 21:49:37,Mobile
57,38,2024-09-09 05:58:26,Tablet
78,11,2024-12-24 19:14:37,TV
90,83,2025-05-08 18:33:45,TV
28,56,2024-12-03 05:02:35,Web
174,98,2024-09-10 21:12:53,Tablet
10,78,2025-02-07 08:55:48,TV
42,74,2025-05-15 04:40:21,TV
78,17,2025-04-14 04:50:21,TV
151,90,2025-04-05 11:03:21,Mobile
116,70,2024-10-18 02:58:31,TV
156,45,2024-12-17 14:45:12,Mobile
165,56,2025-06-11 21:25:55,Web
51,61,2025-06-15 03:01:05,TV
173,84,2024-10-09 02:27:12,Mobile
102,21,2024-09-12 21:50:56,Web
40,74,2025-05-01 16:49:09,TV
63,6,2025-01-07 11:00:17,Tablet
58,35,2025-02-23 09:04:19,Tablet
138,27,2024-11-06 05:47:17,TV
113,1,2024-11-23 10:50:49,Mobile
190,10,2025-03-10 18:37:32,TV
140,82,2025-05-16 21:10:42,TV
25,30,2024-11-16 14:46:54,Mobile
67,82,2024-09-12 23:56:20,TV
179,36,2024-08-28 11:23:12,TV
129,93,2025-05-27 23:55:12,TV
118,8,2025-04-24 11:04:22,Mobile
34,9,2025-03-02 02:14:14,Mobile
185,96,2024-10-22 17:07:53,Web
2,17,2024-09-30 03:19:35,Web
174,53,2025-03-12 07:16:16,Web
11,70,2025-01-30 22:51:28,Mobile
25,18,2024-08-09 19:52:47,Mobile
128,47,2025-02-13 02:46:07,Mobile
33,98,2024-07-08 12:56:12,Mobile
53,17,2024-07-31 07:37:43,TV
3,40,2024-09-25 22:01:03,Web
100,83,2025-03-07 11:16:07,TV
127,54,2024-09-30 12:02:18,TV
166,38,2025-05-29 12:08:52,Tablet
136,68,2024-10-25 01:05:45,Tablet
196,3,2024-08-11 22:47:16,Web
88,91,2024-08-04 18:25:57,Web
87,31,2024-12-16 01:21:01,TV
44,30,2024-10-26 23:41:47,Web
131,48,2024-09-23 03:01:02,Mobile
95,20,2025-01-05 13:35:41,Tablet
181,96,2025-02-10 09:50:15,Mobile
140,48,2025-03-28 10:36:50,TV
11,77,2025-06-06 22:07:14,Web
46,2,2025-05-29 07:19:32,Web
90,82,2025-02-11 21:21:55,Tablet
193,9,2024-12-30 18:11:59,Mobile
27,79,2025-02-14 16:07:24,Tablet
112,37,2025-04-15 06:35:00,TV
15,78,2025-05-22 08:12:10,Tablet
180,79,2024-10-17 15:00:35,TV
24,26,2025-06-22 01:34:21,Mobile
105,60,2024-11-13 14:33:21,Web
148,57,2025-03-31 03:43:58,Mobile
200,100,2024-09-28 20:33:08,Web
152,73,2025-02-20 21:54:00,Mobile
160,72,2024-09-09 02:14:54,TV
23,13,2025-05-24 20:27:25,Web
183,9,2024-12-20 23:25:28,Mobile
125,8,2024-10-20 04:03:56,TV
29,53,2025-04-05 12:08:36,Web
102,8,2024-09-29 19:14:29,Tablet
91,56,2024-09-29 01:46:44,Web
4,76,2024-09-13 15:38:56,Mobile
68,51,2025-03-12 15:49:26,Mobile
52,46,2025-01-14 10:46:05,Web
161,33,2024-12-13 05:02:30,Tablet
92,86,2024-12-25 10:50:34,Web
156,79,2025-03-19 08:35:54,Mobile
167,55,2025-04-26 04:00:05,TV
171,97,2024-07-19 21:52:41,Tablet
191,63,2024-07-11 09:35:23,Mobile
58,33,2024-08-30 11:43:04,Web
189,41,2025-05-23 09:06:02,Web
162,32,2024-06-28 05:56:12,Mobile
109,30,2024-08-22 04:42:40,TV
190,56,2024-08-12 10:56:55,Mobile
189,54,2025-02-26 12:44:52,Tablet
157,30,2025-05-25 18:01:24,Web
160,41,2025-01-05 04:42:59,Web
184,77,2025-04-29 01:18:08,Tablet
63,80,2025-03-14 04:33:01,Mobile
99,97,2024-07-25 07:39:25,TV
163,34,2025-03-05 06:00:55,Tablet
5,96,2024-12-24 00:42:57,TV
81,29,2024-10-02 00:58:42,Web
61,99,2025-03-18 04:11:06,Tablet
38,80,2024-11-11 10:36:12,Mobile
91,63,2025-02-04 01:35:59,Web
82,6,2025-03-27 15:55:31,Tablet
41,71,2024-08-03 10:55:09,Tablet
9,61,2024-08-19 13:35:13,Mobile
12,46,2025-02-12 12:50:40,TV
90,22,2025-02-24 11:59:33,TV
16,31,2024-11-08 08:27:18,TV
192,56,2024-08-27 12:26:21,Tablet
154,19,2025-03-23 04:41:55,Web
109,74,2025-06-11 12:33:53,Tablet
60,48,2024-10-30 03:18:40,TV
12,55,2025-05-01 09:43:59,Web
68,70,2024-12-30 20:04:29,Web
54,64,2025-03-27 21:55:33,Mobile
103,70,2025-06-07 04:51:17,Mobile
83,63,2025-06-18 19:27:01,Tablet
76,4,2024-10-05 08:45:20,TV
67,100,2025-03-07 06:57:39,Mobile
5,89,2025-05-04 12:06:15,Web
105,82,2024-12-04 07:41:40,Web
138,71,2025-05-30 15:40:12,Web
177,23,2024-07-30 23:11:07,TV
168,64,2024-06-27 15:01:46,Mobile
169,48,2024-10-11 06:16:26,Tablet
125,79,2024-07-11 08:25:27,Tablet
48,69,2024-12-27 07:37:06,Web
46,21,2025-06-23 06:48:02,TV
38,59,2025-06-20 21:44:29,TV
31,58,2025-05-16 02:40:14,Web
184,1,2025-01-27 10:43:24,Mobile
2,54,2025-02-26 19:23:17,TV
189,49,2025-05-09 21:47:02,TV
56,8,2025-06-21 15:32:27,Web
102,87,2025-01-05 11:04:37,Tablet
43,32,2024-09-23 15:54:05,Web
74,98,2024-10-22 16:46:13,Web
159,59,2025-04-20 12:34:09,Tablet
46,48,2024-08-28 06:26:22,TV
71,84,2024-07-19 06:18:18,Tablet
181,33,2025-02-18 21:59:12,Tablet
18,67,2025-05-19 10:14:33,Web
156,13,2025-03-14 02:53:31,Tablet
32,32,2025-05-16 00:42:47,Mobile
184,10,2025-04-07 10:53:26,Tablet
129,42,2025-06-20 06:44:03,Tablet
103,4,2025-01-29 11:29:00,Web
58,27,2024-08-14 06:54:58,TV
98,97,2024-07-29 10:43:01,Mobile
88,28,2024-10-23 14:50:37,Web
108,96,2024-09-14 09:29:31,Web
72,36,2024-11-24 00:01:20,TV
183,1,2025-05-29 19:44:19,TV
199,66,2024-12-28 19:00:37,Web
182,21,2024-11-22 13:01:07,Tablet
48,85,2024-10-28 00:15:55,Web
3,18,2025-03-21 03:43:32,TV
43,18,2025-06-08 08:11:55,Web
125,59,2025-04-24 17:14:59,Web
185,76,2025-04-30 03:28:15,Mobile
147,42,2024-08-15 14:33:01,TV
110,56,2024-07-04 03:21:15,Tablet
173,77,2024-12-21 17:58:46,TV
148,88,2025-04-06 14:59:06,Tablet
137,86,2025-02-27 06:30:05,Mobile
154,33,2025-01-17 17:48:11,Tablet
189,31,2024-09-28 14:28:22,Web
10,67,2024-10-10 08:55:48,Mobile
119,98,2025-05-24 08:46:04,TV
168,65,2025-01-14 21:00:53,Tablet
83,75,2024-09-12 11:29:08,Tablet
148,36,2025-02-27 13:22:11,Mobile
98,17,2024-10-09 05:38:12,Mobile
20,11,2024-10-27 03:31:56,TV
116,3,2025-05-11 09:52:54,Mobile
119,17,2025-06-10 14:33:10,Web
127,6,2025-05-23 02:46:07,Web
41,31,2024-07-26 23:55:26,TV
76,89,2024-10-23 11:53:10,Web
138,99,2025-01-12 05:55:13,Mobile
10,19,2025-05-12 18:39:37,Mobile
111,11,2024-12-17 02:06:53,Tablet
87,79,2025-04-10 01:52:18,Mobile
132,25,2024-12-21 06:18:33,Tablet
111,51,2024-10-09 07:06:59,Mobile
41,61,2025-03-15 13:30:27,Web
25,77,2025-01-07 00:06:22,TV
149,37,2024-11-18 09:21:07,Tablet
1,54,2024-12-13 15:19:43,Tablet
79,33,2024-11-24 05:38:29,Mobile
181,86,2025-04-09 16:00:52,Web
194,25,2024-07-11 16:47:57,Web
146,86,2025-03-26 14:24:48,Mobile
2,20,2024-10-25 00:32:29,Mobile
200,62,2025-03-17 00:43:35,Tablet
48,81,2024-09-22 07:14:57,TV
14,6,2025-06-21 10:39:22,Web
17,8,2025-05-19 03:13:59,Web
83,49,2025-06-13 07:43:30,Web
45,43,2024-09-05 10:38:18,Web
34,86,2024-11-23 18:49:59,Web
132,40,2025-05-15 19:08:23,Mobile
153,24,2025-01-06 22:09:33,TV
3,99,2025-04-06 18:10:45,Tablet
104,91,2025-04-30 00:28:56,Web
78,94,2024-10-09 04:18:55,TV
116,53,2025-02-25 17:22:13,Tablet
38,40,2024-11-20 10:58:49,Tablet
89,75,2024-11-08 13:13:13,Web
188,98,2024-06-28 14:36:08,TV
53,68,2025-01-18 19:30:10,Mobile
93,30,2024-11-08 03:00:13,Tablet
104,57,2024-07-14 06:36:00,Tablet
195,66,2025-02-04 05:12:35,Tablet
71,36,2025-03-15 04:55:33,TV
153,80,2025-04-13 18:35:33,Mobile
35,88,2024-08-10 04:35:35,Web
134,51,2025-06-14 10:12:10,TV
117,61,2024-11-17 00:23:32,Web
157,88,2025-04-27 16:56:05,Web
85,89,2024-07-18 19:46:38,TV
57,26,2025-06-16 22:16:40,Tablet
85,74,2025-04-03 23:55:54,Web
34,61,2024-08-03 10:15:47,Web
39,44,2024-10-11 23:18:09,Mobile
73,55,2025-06-10 22:21:04,Web
184,4,2025-06-24 07:20:27,Web
137,62,2024-09-01 11:24:21,Mobile
19,69,2024-08-31 16:26:55,Web
97,82,2025-03-15 15:35:23,Mobile
1,93,2024-07-24 14:06:51,Web
104,3,2024-12-11 22:32:08,Tablet
